{"cameraMode":{"drawMode":0,"name":"Shaded","section":"Shading Mode"},"sceneLighting":true,"audioPlay":false,"sceneViewState":{"showFog":true,"showMaterialUpdate":false,"showSkybox":true,"showFlares":true,"showImageEffects":true,"showParticleSystems":true,"showVisualEffectGraphs":true,"m_FxEnabled":true},"in2DMode":false,"pivot":{"x":231.12429809570313,"y":-183.28884887695313,"z":275.3374328613281},"rotation":{"x":-0.0004529909056145698,"y":0.8939895033836365,"z":0.0014498397940769792,"w":0.4482353925704956},"size":2.446107864379883,"orthographic":false}